body-site	gut	gut	gut	gut	gut	gut	gut	gut	left_palm	left_palm	left_palm	left_palm	left_palm	left_palm	left_palm	left_palm	tongue	tongue	tongue	tongue	tongue	tongue	tongue	tongue	tongue
subject	subject-1	subject-2	subject-2	subject-2	subject-2	subject-1	subject-1	subject-1	subject-1	subject-1	subject-1	subject-1	subject-2	subject-2	subject-2	subject-2	subject-1	subject-1	subject-1	subject-1	subject-1	subject-2	subject-2	subject-2	subject-2
k__Bacteria|k__Bacteria_x__L2|k__Bacteria_x__L3|k__Bacteria_x__L4|k__Bacteria_x__L5|k__Bacteria_x__L6	0.0	0.0	0.0	0.0	0.0	0.0	0.0	0.0	0.006358087487283825	0.002279981760145919	0.016134134767478645	0.015688735487919672	0.0	0.007047216349541931	0.0008428150021070375	0.0	0.0	0.0	0.0	0.0	0.0	0.0	0.0	0.0	0.0
k__Bacteria|p__Actinobacteria|c__Actinobacteria|o__Actinomycetales|o__Actinomycetales_f__L5|o__Actinomycetales_g__L6	0.0	0.0	0.0	0.0	0.0	0.0	0.0	0.0	0.001780264496439471	0.0	0.0	0.0	0.0	0.0	0.0	0.0	0.0	0.0	0.0	0.0	0.0	0.0	0.0	0.0	0.0
k__Bacteria|p__Actinobacteria|c__Actinobacteria|o__Actinomycetales|f__Actinomycetaceae|g__Actinomyces	0.0	0.0	0.0	0.0	0.0	0.0	0.0	0.0	0.0	0.0	0.0	0.0	0.005334914048606995	0.0	0.0	0.0017119100024455857	0.012572968118545127	0.0	0.01894521249359959	0.009943181818181818	0.005148514851485149	0.0	0.013416946186378884	0.0056837178201270475	0.002013519344167985
k__Bacteria|p__Actinobacteria|c__Actinobacteria|o__Actinomycetales|f__Brevibacteriaceae|g__Brevibacterium	0.0	0.0	0.0	0.0	0.0	0.0	0.0	0.0	0.000762970498474059	0.0	0.0	0.0	0.0	0.0	0.0	0.0	0.0	0.0	0.0	0.0	0.0	0.0	0.0	0.0	0.0
k__Bacteria|p__Actinobacteria|c__Actinobacteria|o__Actinomycetales|f__Corynebacteriaceae|g__Corynebacterium	0.0	0.000977244171436549	0.0	0.0	0.0	0.0	0.0	0.0	0.29399796541200407	0.3116735066119471	0.0335336918696615	0.05145905240037653	0.005730092867022327	0.10711768851303735	0.14538558786346398	0.06969919295671313	0.0	0.0	0.0	0.0014204545454545455	0.0	0.0	0.0	0.0	0.0
k__Bacteria|p__Actinobacteria|c__Actinobacteria|o__Actinomycetales|f__Dermabacteraceae|g__Dermabacter	0.0	0.0	0.0	0.0	0.0	0.0	0.0	0.0	0.0	0.0	0.0	0.0	0.0	0.0	0.0	0.0004891171435558817	0.0	0.0	0.0	0.0	0.0	0.0	0.0	0.0	0.0
k__Bacteria|p__Actinobacteria|c__Actinobacteria|o__Actinomycetales|f__Geodermatophilaceae|g__Blastococcus	0.0	0.0	0.0	0.0	0.0	0.0	0.0	0.0	0.0	0.0	0.0	0.005020395356134295	0.0	0.0028188865398167725	0.0	0.0	0.0	0.0	0.0	0.0	0.0	0.0	0.0	0.0	0.0
k__Bacteria|p__Actinobacteria|c__Actinobacteria|o__Actinomycetales|f__Intrasporangiaceae|f__Intrasporangiaceae_x__L6	0.0	0.0	0.0	0.0	0.0	0.0	0.0	0.0	0.0	0.0	0.0	0.005334170065892689	0.0	0.0	0.0	0.0	0.0	0.0	0.0	0.0	0.0	0.0	0.0	0.0	0.0
k__Bacteria|p__Actinobacteria|c__Actinobacteria|o__Actinomycetales|f__Micrococcaceae|g__Arthrobacter	0.0	0.0	0.0	0.0	0.0	0.0	0.0	0.0	0.0	0.0	0.0	0.0072168183244430495	0.0	0.0	0.0	0.0	0.0	0.0	0.0	0.0	0.0	0.0	0.0	0.0	0.0
k__Bacteria|p__Actinobacteria|c__Actinobacteria|o__Actinomycetales|f__Micrococcaceae|g__Micrococcus	0.0	0.0	0.0	0.0	0.0	0.0	0.0	0.0	0.0	0.0066119471044231645	0.0	0.0031377470975839346	0.0	0.0	0.0	0.0	0.0	0.0	0.0	0.0	0.0	0.0	0.0	0.0	0.0
k__Bacteria|p__Actinobacteria|c__Actinobacteria|o__Actinomycetales|f__Micrococcaceae|g__Rothia	0.0	0.0	0.0	0.0	0.0	0.0	0.0	0.0	0.002797558494404883	0.011855905152758778	0.00506168933881683	0.0012550988390335738	0.03517091483896463	0.008456659619450317	0.009270965023177412	0.009048667155783811	0.07992815446789403	0.035555555555555556	0.02304147465437788	0.039299242424242424	0.012277227722772278	0.05803571428571429	0.01575032813183608	0.03744567034436643	0.005465266791313103
k__Bacteria|p__Actinobacteria|c__Actinobacteria|o__Actinomycetales|f__Nocardiaceae|g__Rhodococcus	0.0	0.0	0.0	0.0	0.0	0.0	0.0	0.0	0.002288911495422177	0.0	0.0	0.004392845936617509	0.0	0.0	0.0	0.0	0.0	0.0	0.0	0.0	0.0	0.0	0.0	0.0	0.0
k__Bacteria|p__Actinobacteria|c__Actinobacteria|o__Actinomycetales|f__Nocardioidaceae|g__Aeromicrobium	0.0	0.0	0.0	0.0	0.0	0.0	0.0	0.0	0.0	0.0	0.0	0.0	0.0	0.0	0.0037926675094816687	0.0	0.0	0.0	0.0	0.0	0.0	0.0	0.0	0.0	0.0
k__Bacteria|p__Actinobacteria|c__Actinobacteria|o__Actinomycetales|f__Nocardioidaceae|g__Marmoricola	0.0	0.0	0.0	0.0	0.0	0.0	0.0	0.0	0.0	0.0	0.00506168933881683	0.0	0.0	0.0	0.0	0.0	0.0	0.0	0.0	0.0	0.0	0.0	0.0	0.0	0.0
k__Bacteria|p__Actinobacteria|c__Actinobacteria|o__Actinomycetales|f__Propionibacteriaceae|g__Propionibacterium	0.0	0.0	0.0	0.0	0.0	0.0	0.0	0.0	0.001780264496439471	0.007067943456452348	0.0009490667510281556	0.0021964229683087543	0.0	0.021846370683579985	0.007585335018963337	0.008559550012227928	0.0	0.0	0.0	0.0	0.0	0.0	0.0	0.0	0.0
k__Bacteria|p__Actinobacteria|c__Actinobacteria|o__Bifidobacteriales|f__Bifidobacteriaceae|g__Scardovia	0.0	0.0	0.0	0.0	0.0	0.0	0.0	0.0	0.0	0.0	0.0	0.0	0.0	0.0	0.0	0.001467351430667645	0.0	0.0	0.0	0.0	0.0	0.0	0.0	0.0	0.0
k__Bacteria|p__Actinobacteria|c__Coriobacteriia|o__Coriobacteriales|f__Coriobacteriaceae|f__Coriobacteriaceae_g__L6	0.0	0.0	0.0002450379808870375	0.000468384074941452	0.0	0.0	0.0	0.0	0.0	0.0	0.0	0.0	0.0	0.0	0.0	0.0	0.0	0.0	0.0	0.0	0.0	0.0	0.0	0.0	0.0
k__Bacteria|p__Actinobacteria|c__Coriobacteriia|o__Coriobacteriales|f__Coriobacteriaceae|g__Atopobium	0.0	0.0	0.0	0.0	0.0	0.0	0.0	0.0	0.0	0.0	0.0	0.0	0.0	0.0	0.0	0.003668378576669112	0.0	0.0	0.002560163850486431	0.0	0.0	0.0	0.000729181857955374	0.001170177198261451	0.001869696533870272
k__Bacteria|p__Actinobacteria|c__Thermoleophilia|o__Gaiellales|f__Gaiellaceae|g__Gaiella	0.0	0.0	0.0	0.0	0.0	0.0	0.0	0.0	0.0	0.0	0.0	0.0021964229683087543	0.0	0.0	0.0	0.0	0.0	0.0	0.0	0.0	0.0	0.0	0.0	0.0	0.0
k__Bacteria|p__Bacteroidetes|c__Bacteroidia|o__Bacteroidales|o__Bacteroidales_x__L5|o__Bacteroidales_x__L6	0.0	0.0	0.007106101445724087	0.0078064012490242	0.004374057315233786	0.0	0.0	0.0	0.0	0.0	0.0	0.0	0.0	0.0	0.0	0.0	0.0	0.0	0.0	0.0	0.0	0.0	0.0	0.0	0.0
k__Bacteria|p__Bacteroidetes|c__Bacteroidia|o__Bacteroidales|o__Bacteroidales_f__L5|o__Bacteroidales_g__L6	0.0	0.0	0.0	0.0	0.0	0.0	0.0	0.0	0.0	0.0	0.0	0.0	0.0	0.0	0.0	0.001467351430667645	0.0	0.0	0.0	0.0	0.0	0.0	0.0	0.0	0.0
k__Bacteria|p__Bacteroidetes|c__Bacteroidia|o__Bacteroidales|f__Bacteroidaceae|g__Bacteroides	0.5805084745762712	0.6440039089766858	0.5597892673364372	0.4708821233411397	0.4642533936651584	0.5226021110601193	0.6128827340871554	0.6491402586329402	0.00254323499491353	0.002279981760145919	0.009807023093957609	0.01631628490743646	0.0005927682276229994	0.02255109231853418	0.0058997050147492625	0.0	0.00449034575662326	0.005	0.0	0.0023674242424242425	0.0	0.005580357142857143	0.0011666909727285986	0.0008358408559010365	0.0012944052926794189
k__Bacteria|p__Bacteroidetes|c__Bacteroidia|o__Bacteroidales|f__Porphyromonadaceae|g__Paludibacter	0.0	0.0	0.0	0.0	0.0	0.0	0.0	0.0	0.001780264496439471	0.0025079799361605107	0.0	0.0	0.0	0.0	0.0	0.010760577158229395	0.0	0.0	0.0	0.0	0.0	0.0	0.0	0.0	0.0
k__Bacteria|p__Bacteroidetes|c__Bacteroidia|o__Bacteroidales|f__Porphyromonadaceae|g__Parabacteroides	0.0	0.015915119363395226	0.02634158294535653	0.07665886026541764	0.02895927601809955	0.0	0.0	0.0	0.0	0.0	0.0	0.0	0.0	0.0	0.0	0.0	0.0	0.0	0.0	0.0	0.0	0.0	0.0	0.0	0.0
k__Bacteria|p__Bacteroidetes|c__Bacteroidia|o__Bacteroidales|f__Porphyromonadaceae|g__Porphyromonas	0.0024396507447354905	0.000977244171436549	0.0	0.0	0.0	0.0	0.0	0.0	0.001525940996948118	0.002051983584131327	0.006959822840873141	0.019454032005020397	0.005334914048606995	0.0014094432699083862	0.0037926675094816687	0.006847640009782343	0.0	0.0022222222222222222	0.0	0.0	0.0019801980198019802	0.008370535714285714	0.004812600262505469	0.005349381477766633	0.005033798360419963
k__Bacteria|p__Bacteroidetes|c__Bacteroidia|o__Bacteroidales|f__Porphyromonadaceae|g__Tannerella	0.0	0.0	0.0	0.0	0.0	0.0	0.0	0.0	0.001017293997965412	0.0	0.0	0.0	0.0	0.0	0.0	0.006113964294448521	0.0	0.0	0.0	0.0	0.0	0.0	0.0010208546011375237	0.00033433634236041456	0.0
k__Bacteria|p__Bacteroidetes|c__Bacteroidia|o__Bacteroidales|f__Prevotellaceae|g__Prevotella	0.01027221366204417	0.007957559681697613	0.0	0.0	0.0	0.0	0.0	0.0	0.004069175991861648	0.027359781121751026	0.0031635558367605187	0.005961719485409476	0.05591780280576961	0.006342494714587738	0.0	0.10271460014673514	0.11136057476425684	0.06944444444444445	0.3758320532514081	0.08049242424242424	0.18693069306930693	0.060267857142857144	0.04418842059209567	0.04663991975927784	0.2775780238745865
k__Bacteria|p__Bacteroidetes|c__Bacteroidia|o__Bacteroidales|f__Rikenellaceae|f__Rikenellaceae_g__L6	0.0	0.0	0.0006125949522175938	0.0	0.0006033182503770739	0.0	0.0	0.0	0.0	0.0	0.0	0.0	0.0	0.0	0.0	0.0	0.0	0.0	0.0	0.0	0.0	0.0	0.0	0.0	0.0
k__Bacteria|p__Bacteroidetes|c__Bacteroidia|o__Bacteroidales|f__Rikenellaceae|g__Alistipes	0.0003852080123266564	0.01759039508585788	0.034550355305072285	0.04402810304449649	0.02850678733031674	0.0005736576411197798	0.0003811459789099225	0.0	0.0	0.0	0.0	0.0	0.0	0.0	0.0	0.0	0.0	0.0	0.0	0.0	0.0	0.0	0.0	0.0	0.0
k__Bacteria|p__Bacteroidetes|c__Bacteroidia|o__Bacteroidales|f__S24_7|f__S24_7_g__L6	0.0	0.0	0.0	0.0	0.0	0.0	0.0	0.0	0.001271617497456765	0.0	0.0	0.0	0.0	0.0	0.0	0.0	0.0	0.0	0.0	0.0	0.0	0.0	0.0	0.0	0.0
k__Bacteria|p__Bacteroidetes|c__Bacteroidia|o__Bacteroidales|f___Barnesiellaceae_|f___Barnesiellaceae__g__L6	0.0	0.0	0.0007351139426611125	0.001717408274785324	0.0018099547511312218	0.0	0.0	0.0	0.0	0.0	0.0	0.0	0.0	0.0	0.0	0.0	0.0	0.0	0.0	0.0	0.0	0.0	0.0	0.0	0.0
k__Bacteria|p__Bacteroidetes|c__Bacteroidia|o__Bacteroidales|f___Odoribacteraceae_|g__Butyricimonas	0.0	0.0	0.0015927468757657437	0.002654176424668228	0.0022624434389140274	0.0	0.0	0.0	0.0	0.0	0.0	0.0	0.0	0.0	0.0	0.0	0.0	0.0	0.0	0.0	0.0	0.0	0.0	0.0	0.0
k__Bacteria|p__Bacteroidetes|c__Bacteroidia|o__Bacteroidales|f___Odoribacteraceae_|g__Odoribacter	0.0	0.0	0.002572898799313894	0.004839968774395004	0.003167420814479638	0.0	0.0	0.0	0.0	0.0	0.0	0.0	0.0	0.0	0.0	0.0	0.0	0.0	0.0	0.0	0.0	0.0	0.0	0.0	0.0
k__Bacteria|p__Bacteroidetes|c__Bacteroidia|o__Bacteroidales|f___Paraprevotellaceae_|f___Paraprevotellaceae__x__L6	0.0	0.0	0.0	0.0	0.0	0.0	0.0	0.0	0.0	0.0	0.0	0.0	0.0	0.0	0.0	0.0046466128637808754	0.0	0.0	0.0	0.0	0.0	0.0	0.0	0.0	0.00043146843089313965
k__Bacteria|p__Bacteroidetes|c__Bacteroidia|o__Bacteroidales|f___Paraprevotellaceae_|f___Paraprevotellaceae__g__L6	0.0	0.0	0.0	0.0	0.0	0.0	0.0	0.0	0.0	0.0	0.0	0.0012550988390335738	0.0	0.0	0.0	0.0	0.0	0.0	0.0	0.0	0.0	0.0	0.0	0.0	0.0
k__Bacteria|p__Bacteroidetes|c__Bacteroidia|o__Bacteroidales|f___Paraprevotellaceae_|g__Paraprevotella	0.004879301489470981	0.0	0.0	0.0	0.0	0.034304726938962825	0.009782746792021344	0.016768509307943727	0.0	0.0	0.0	0.0	0.0	0.0	0.0	0.0	0.0	0.0	0.0	0.0	0.0	0.0	0.0	0.0	0.0
k__Bacteria|p__Bacteroidetes|c__Bacteroidia|o__Bacteroidales|f___Paraprevotellaceae_|g___Prevotella_	0.0	0.0	0.0	0.0	0.0	0.0	0.0	0.0	0.004069175991861648	0.02302781577747378	0.008857956342929452	0.012550988390335738	0.0027662517289073307	0.004933051444679351	0.009270965023177412	0.023233064318904376	0.001347103726986978	0.0	0.022017409114183307	0.005208333333333333	0.0015841584158415843	0.0	0.002187545573866122	0.007188231360748913	0.08169135624910111
k__Bacteria|p__Bacteroidetes|c__Cytophagia|o__Cytophagales|f__Cytophagaceae|g__Adhaeribacter	0.0	0.0	0.0	0.0	0.0	0.0	0.0	0.0	0.0	0.0006839945280437756	0.0	0.0	0.0	0.0	0.0	0.0	0.0	0.0	0.0	0.0	0.0	0.0	0.0	0.0	0.0
k__Bacteria|p__Bacteroidetes|c__Cytophagia|o__Cytophagales|f__Cytophagaceae|g__Dyadobacter	0.0	0.0	0.0	0.0	0.0	0.0	0.0	0.0	0.0	0.0011399908800729594	0.0	0.0	0.0	0.0	0.0	0.0	0.0	0.0	0.0	0.0	0.0	0.0	0.0	0.0	0.0
k__Bacteria|p__Bacteroidetes|c__Cytophagia|o__Cytophagales|f__Cytophagaceae|g__Flectobacillus	0.0	0.0	0.0	0.0	0.0	0.0	0.0	0.0	0.0	0.0	0.0018981335020563112	0.0025101976780671476	0.0	0.0	0.0	0.002445585717779408	0.0	0.0	0.0	0.0	0.0	0.0	0.0	0.0	0.0
k__Bacteria|p__Bacteroidetes|c__Cytophagia|o__Cytophagales|f__Cytophagaceae|g__Hymenobacter	0.0	0.0	0.0	0.0	0.0	0.0	0.0	0.0	0.001780264496439471	0.0	0.0	0.0	0.0	0.0	0.0	0.0	0.0	0.0	0.0	0.0	0.0	0.0	0.0	0.0	0.0
k__Bacteria|p__Bacteroidetes|c__Flavobacteriia|o__Flavobacteriales|f__Flavobacteriaceae|f__Flavobacteriaceae_x__L6	0.0	0.0	0.0	0.0	0.0	0.0	0.0	0.0	0.0	0.0	0.0	0.011609664261060559	0.0	0.0	0.0	0.0	0.0	0.0	0.0	0.0	0.0	0.0	0.0	0.0	0.0
k__Bacteria|p__Bacteroidetes|c__Flavobacteriia|o__Flavobacteriales|f__Flavobacteriaceae|f__Flavobacteriaceae_g__L6	0.0	0.0	0.0	0.0	0.0	0.0	0.0	0.0	0.0	0.0	0.0	0.008785691873235017	0.0	0.0	0.0025284450063211127	0.0	0.0	0.0	0.0	0.0	0.0	0.0	0.0	0.0	0.0
k__Bacteria|p__Bacteroidetes|c__Flavobacteriia|o__Flavobacteriales|f__Flavobacteriaceae|g__Capnocytophaga	0.0	0.0	0.0	0.0	0.0	0.0	0.0	0.0	0.0	0.0029639762881896944	0.0012654223347042075	0.006903043614684657	0.0017783046828689982	0.0	0.0	0.018341892883345562	0.0	0.0	0.0	0.0014204545454545455	0.0	0.0	0.0	0.0006686726847208291	0.0014382281029771322
k__Bacteria|p__Bacteroidetes|c__Flavobacteriia|o__Flavobacteriales|f__Flavobacteriaceae|g__Flavobacterium	0.0	0.0	0.0	0.0	0.0	0.0	0.0	0.0	0.0	0.0	0.022461246440999685	0.011295889551302165	0.0	0.004933051444679351	0.001685630004214075	0.0	0.0	0.0	0.0	0.0	0.0	0.0	0.0	0.0	0.0
k__Bacteria|p__Bacteroidetes|c__Flavobacteriia|o__Flavobacteriales|f___Weeksellaceae_|f___Weeksellaceae__g__L6	0.0	0.0	0.0	0.0	0.0	0.0	0.0	0.0	0.002797558494404883	0.002051983584131327	0.0018981335020563112	0.005334170065892689	0.0023710729104919974	0.0	0.0	0.00586940572267058	0.00224517287831163	0.0	0.0	0.0	0.0	0.0	0.0011666909727285986	0.0010030090270812437	0.001869696533870272
k__Bacteria|p__Bacteroidetes|c__Flavobacteriia|o__Flavobacteriales|f___Weeksellaceae_|g__Bergeyella	0.0	0.0	0.0	0.0	0.0	0.0	0.0	0.0	0.0	0.0	0.0	0.006589268904926263	0.0	0.0	0.0	0.0	0.0	0.0	0.0	0.0	0.0	0.0	0.0	0.0	0.0
k__Bacteria|p__Bacteroidetes|c__Flavobacteriia|o__Flavobacteriales|f___Weeksellaceae_|g__Chryseobacterium	0.0	0.0	0.0	0.0	0.0	0.0	0.0	0.0	0.0	0.0	0.004112622587788674	0.017571383746470035	0.0	0.007047216349541931	0.0	0.0	0.0	0.0	0.0	0.0	0.0	0.0	0.0	0.0	0.0
k__Bacteria|p__Bacteroidetes|c__Flavobacteriia|o__Flavobacteriales|f___Weeksellaceae_|g__Cloacibacterium	0.0	0.0	0.0	0.0	0.0	0.0	0.0	0.0	0.001780264496439471	0.0	0.0	0.0	0.0	0.0	0.0	0.0	0.0	0.0	0.0	0.0	0.0	0.0	0.0	0.0	0.0
k__Bacteria|p__Bacteroidetes|c__Sphingobacteriia|o__Sphingobacteriales|f__Sphingobacteriaceae|g__Pedobacter	0.0	0.0	0.0	0.0	0.0	0.0	0.0	0.0	0.0	0.0015959872321021432	0.05346409364125277	0.014119861939127707	0.0	0.006342494714587738	0.0058997050147492625	0.0	0.0	0.0	0.0	0.0	0.0	0.0	0.0	0.0	0.0
k__Bacteria|p__Bacteroidetes|c__Sphingobacteriia|o__Sphingobacteriales|f__Sphingobacteriaceae|g__Sphingobacterium	0.0	0.0	0.0	0.0	0.0	0.0	0.0	0.0	0.0	0.0	0.01012337867763366	0.0	0.0	0.0	0.0	0.0	0.0	0.0	0.0	0.0	0.0	0.0	0.0	0.0	0.0
k__Bacteria|p__Bacteroidetes|c___Saprospirae_|o___Saprospirales_|f__Chitinophagaceae|f__Chitinophagaceae_x__L6	0.0	0.0	0.0	0.0	0.0	0.0	0.0	0.0	0.002797558494404883	0.0	0.0	0.0	0.0	0.0	0.0	0.0	0.0	0.0	0.0	0.0	0.0	0.0	0.0	0.0	0.0
k__Bacteria|p__Bacteroidetes|c___Saprospirae_|o___Saprospirales_|f__Chitinophagaceae|f__Chitinophagaceae_g__L6	0.0	0.0	0.0	0.0	0.0	0.0	0.0	0.0	0.0	0.0013679890560875513	0.0	0.0	0.0	0.0	0.0	0.0	0.0	0.0	0.0	0.0	0.0	0.0	0.0	0.0	0.0
k__Bacteria|p__Bacteroidetes|c___Saprospirae_|o___Saprospirales_|f__Chitinophagaceae|g__Flavisolibacter	0.0	0.0	0.0	0.0	0.0	0.0	0.0	0.0	0.0	0.0	0.004428978171464726	0.007844367743959836	0.0	0.0	0.0	0.0	0.0	0.0	0.0	0.0	0.0	0.0	0.0	0.0	0.0
k__Bacteria|p__Chloroflexi|c__Ellin6529|c__Ellin6529_o__L4|c__Ellin6529_f__L5|c__Ellin6529_g__L6	0.0	0.0	0.0	0.0	0.0	0.0	0.0	0.0	0.0	0.0	0.0	0.0009413241292751804	0.0	0.0	0.0	0.0	0.0	0.0	0.0	0.0	0.0	0.0	0.0	0.0	0.0
k__Bacteria|p__Cyanobacteria|c__Chloroplast|o__Chlorophyta|o__Chlorophyta_f__L5|o__Chlorophyta_g__L6	0.0	0.0	0.0	0.0	0.0	0.0	0.0	0.0	0.000762970498474059	0.0	0.0	0.0	0.0	0.0	0.0	0.0	0.0	0.0	0.0	0.0	0.0	0.0	0.0	0.0	0.0
k__Bacteria|p__Cyanobacteria|c__Chloroplast|o__Chlorophyta|f__Trebouxiophyceae|g__Chloroidium	0.0	0.0	0.0	0.0	0.0	0.0	0.0	0.0	0.0	0.0	0.0	0.0009413241292751804	0.0	0.0	0.0	0.0	0.0	0.0	0.0	0.0	0.0	0.0	0.0	0.0	0.0
k__Bacteria|p__Cyanobacteria|c__Chloroplast|o__Streptophyta|o__Streptophyta_f__L5|o__Streptophyta_g__L6	0.0	0.0	0.0	0.0	0.0	0.0	0.0	0.0	0.01627670396744659	0.001823985408116735	0.03701360329009807	0.05396925007844368	0.0013831258644536654	0.03312191684284708	0.01643489254108723	0.0017119100024455857	0.11809609339919173	0.0	0.0	0.0	0.0031683168316831685	0.0	0.0	0.0	0.0
k__Bacteria|p__FBP|p__FBP_c__L3|p__FBP_o__L4|p__FBP_f__L5|p__FBP_g__L6	0.0	0.0	0.0	0.0	0.0	0.0	0.0	0.0	0.0	0.00045599635202918376	0.0	0.0	0.0	0.0	0.0	0.0	0.0	0.0	0.0	0.0	0.0	0.0	0.0	0.0	0.0
k__Bacteria|p__Firmicutes|c__Bacilli|c__Bacilli_x__L4|c__Bacilli_x__L5|c__Bacilli_x__L6	0.0	0.0	0.0007351139426611125	0.001092896174863388	0.0	0.0	0.0	0.0	0.020854526958290945	0.05175558595531236	0.03037013603290098	0.01537496077816128	0.0	0.1945031712473573	0.13400758533501897	0.025678650036683785	0.0	0.0	0.0	0.0	0.0	0.0	0.0	0.0	0.0
k__Bacteria|p__Firmicutes|c__Bacilli|o__Bacillales|f__Alicyclobacillaceae|g__Alicyclobacillus	0.0	0.0	0.0	0.0	0.0	0.0	0.0	0.0	0.001271617497456765	0.0006839945280437756	0.0	0.0	0.0	0.0	0.0	0.0	0.0	0.0	0.0	0.0	0.0	0.0	0.0	0.0	0.0
k__Bacteria|p__Firmicutes|c__Bacilli|o__Bacillales|f__Bacillaceae|f__Bacillaceae_x__L6	0.0	0.0	0.0	0.0	0.0	0.0	0.0	0.0	0.0	0.0	0.0	0.0015688735487919673	0.0	0.0	0.0	0.0	0.0	0.0	0.0	0.0	0.0	0.0	0.0	0.0	0.0
k__Bacteria|p__Firmicutes|c__Bacilli|o__Bacillales|f__Bacillaceae|g__Bacillus	0.0	0.0	0.0	0.0	0.0	0.0	0.0	0.0	0.0	0.0	0.0	0.01349231251961092	0.0	0.0	0.0	0.0	0.0	0.0	0.0	0.0	0.0	0.0	0.0	0.0	0.0
k__Bacteria|p__Firmicutes|c__Bacilli|o__Gemellales|f__Gemellaceae|f__Gemellaceae_x__L6	0.0	0.0	0.0	0.0	0.0	0.0	0.0	0.0	0.003560528992878942	0.011171910624715002	0.0	0.005020395356134295	0.009681881051175657	0.0	0.012642225031605562	0.003668378576669112	0.013022002694207453	0.011666666666666667	0.00819252432155658	0.006628787878787879	0.01782178217821782	0.010602678571428572	0.0020417092022750475	0.006018054162487462	0.0014382281029771322
k__Bacteria|p__Firmicutes|c__Bacilli|o__Lactobacillales|f__Aerococcaceae|g__Abiotrophia	0.0	0.0	0.0	0.0	0.0	0.0	0.0	0.0	0.0	0.0	0.0	0.0	0.0	0.0	0.0	0.004891171435558816	0.0	0.0	0.0	0.0	0.0	0.0	0.0	0.0	0.0
k__Bacteria|p__Firmicutes|c__Bacilli|o__Lactobacillales|f__Aerococcaceae|g__Alloiococcus	0.0	0.0	0.0	0.0	0.0	0.0	0.0	0.0	0.0	0.0	0.0	0.0	0.0	0.0021141649048625794	0.026127265065318164	0.0	0.0	0.0	0.0	0.0	0.0	0.0	0.0	0.0	0.0
k__Bacteria|p__Firmicutes|c__Bacilli|o__Lactobacillales|f__Aerococcaceae|g__Facklamia	0.0	0.0	0.0	0.0	0.0	0.0	0.0	0.0	0.001780264496439471	0.0	0.0	0.0	0.0	0.0	0.0	0.0	0.0	0.0	0.0	0.0	0.0	0.0	0.0	0.0	0.0
k__Bacteria|p__Firmicutes|c__Bacilli|o__Lactobacillales|f__Carnobacteriaceae|f__Carnobacteriaceae_x__L6	0.0	0.0	0.0	0.0	0.0	0.0	0.0	0.0	0.002288911495422177	0.0047879616963064295	0.0	0.0	0.010472238688006322	0.0	0.0	0.002690144289557349	0.026493039964077234	0.015	0.011776753712237584	0.017045454545454544	0.011485148514851485	0.022879464285714284	0.005104273005687618	0.02106318956870612	0.00402703868833597
k__Bacteria|p__Firmicutes|c__Bacilli|o__Lactobacillales|f__Carnobacteriaceae|g__Granulicatella	0.0	0.0	0.0	0.0	0.0	0.0	0.0	0.0	0.0	0.0	0.0	0.0	0.0	0.0	0.0037926675094816687	0.0	0.0	0.0	0.0	0.0	0.0	0.0	0.0	0.0	0.0
k__Bacteria|p__Firmicutes|c__Bacilli|o__Lactobacillales|f__Enterococcaceae|g__Enterococcus	0.0	0.0	0.0	0.0	0.0	0.0	0.0	0.0	0.0	0.0	0.0	0.00815814245371823	0.0	0.0	0.0	0.0	0.0	0.0	0.0	0.0	0.0	0.0	0.0	0.0	0.0
k__Bacteria|p__Firmicutes|c__Bacilli|o__Lactobacillales|f__Lactobacillaceae|f__Lactobacillaceae_x__L6	0.0	0.0	0.0	0.0	0.0	0.0	0.0	0.0	0.0	0.008891928864569083	0.0031635558367605187	0.0025101976780671476	0.0	0.0	0.0	0.0	0.0	0.0	0.0	0.0	0.0	0.0	0.0	0.0	0.0
k__Bacteria|p__Firmicutes|c__Bacilli|o__Lactobacillales|f__Lactobacillaceae|g__Lactobacillus	0.0	0.0	0.0	0.0	0.0	0.0	0.0	0.0	0.003560528992878942	0.010259917920656635	0.0034799114204365706	0.005334170065892689	0.0	0.005637773079633545	0.01938474504846186	0.0	0.0	0.0	0.0	0.0	0.0	0.0	0.0	0.0	0.0
k__Bacteria|p__Firmicutes|c__Bacilli|o__Lactobacillales|f__Leuconostocaceae|g__Weissella	0.0	0.0	0.0	0.0	0.0	0.0	0.0	0.0	0.001017293997965412	0.0	0.0006327111673521037	0.0	0.0	0.0	0.0	0.0	0.0	0.0	0.0	0.0	0.0	0.0	0.0	0.0	0.0
k__Bacteria|p__Firmicutes|c__Bacilli|o__Lactobacillales|f__Streptococcaceae|g__Lactococcus	0.0	0.0	0.0	0.0	0.0	0.0	0.0	0.0	0.002034587995930824	0.030551755585955312	0.0	0.005961719485409476	0.0	0.04580690627202255	0.011378002528445006	0.0	0.0	0.0	0.0	0.0	0.0	0.0	0.0	0.0	0.0
k__Bacteria|p__Firmicutes|c__Bacilli|o__Lactobacillales|f__Streptococcaceae|g__Streptococcus	0.0	0.0	0.001470227885322225	0.000312256049960968	0.0	0.0005736576411197798	0.0	0.004263180332528066	0.09587995930824009	0.21272229822161423	0.039860803543182534	0.05051772827110135	0.1302114206678522	0.16208597603946442	0.19005478297513695	0.15774027879677183	0.1984732824427481	0.22333333333333333	0.12493599590373784	0.22679924242424243	0.12198019801980198	0.11439732142857142	0.060667930581887124	0.1216984286191909	0.0990939162951244
k__Bacteria|p__Firmicutes|c__Bacilli|o__Turicibacterales|f__Turicibacteraceae|g__Turicibacter	0.0	0.0	0.0	0.0	0.0	0.0	0.0003811459789099225	0.0	0.0	0.0	0.0	0.0	0.0	0.0	0.0	0.0	0.0	0.0	0.0	0.0	0.0	0.0	0.0	0.0	0.0
k__Bacteria|p__Firmicutes|c__Clostridia|o__Clostridiales|o__Clostridiales_x__L5|o__Clostridiales_x__L6	0.005136106831022085	0.006142677649029736	0.0	0.002966432474629196	0.004223227752639517	0.0018357044515832951	0.0033032651505526616	0.0049737103879494106	0.0	0.0006839945280437756	0.0	0.0006275494195167869	0.0	0.0014094432699083862	0.0	0.0	0.0	0.0	0.0	0.0	0.0	0.0	0.0	0.0	0.0
k__Bacteria|p__Firmicutes|c__Clostridia|o__Clostridiales|o__Clostridiales_f__L5|o__Clostridiales_g__L6	0.0	0.002373307273488762	0.004655721636853712	0.0	0.0022624434389140274	0.0034419458467186783	0.0	0.0	0.003560528992878942	0.0031919744642042863	0.002530844669408415	0.0	0.0017783046828689982	0.0	0.0	0.003912937148447053	0.0	0.0	0.0	0.0014204545454545455	0.0	0.0011160714285714285	0.0008750182295464489	0.0020060180541624875	0.0017258737235725586
k__Bacteria|p__Firmicutes|c__Clostridia|o__Clostridiales|f__Christensenellaceae|f__Christensenellaceae_g__L6	0.0	0.0	0.0	0.000468384074941452	0.0	0.0	0.0	0.0	0.0	0.0	0.0	0.0	0.0	0.0	0.0	0.0	0.0	0.0	0.0	0.0	0.0	0.0	0.0	0.0	0.0
k__Bacteria|p__Firmicutes|c__Clostridia|o__Clostridiales|f__Clostridiaceae|f__Clostridiaceae_g__L6	0.0	0.0	0.0	0.000936768149882904	0.0	0.0	0.0	0.0	0.0	0.0	0.0	0.0	0.0	0.0	0.0	0.0	0.0	0.0	0.0	0.0	0.0	0.0	0.0	0.0	0.0
k__Bacteria|p__Firmicutes|c__Clostridia|o__Clostridiales|f__Clostridiaceae|g__Clostridium	0.004750898818695429	0.0	0.002327860818426856	0.000936768149882904	0.0021116138763197585	0.0010325837540156035	0.0021598272138228943	0.0	0.0	0.0027359781121751026	0.006959822840873141	0.005961719485409476	0.0	0.0014094432699083862	0.0	0.0	0.0	0.0	0.0	0.0	0.0	0.0	0.0	0.0	0.0
k__Bacteria|p__Firmicutes|c__Clostridia|o__Clostridiales|f__Lachnospiraceae|f__Lachnospiraceae_x__L6	0.020929635336415	0.020103308669551862	0.06897819161970105	0.11209992193598751	0.07496229260935143	0.04141808168884809	0.02858594841824419	0.010373738809151626	0.00254323499491353	0.001823985408116735	0.0006327111673521037	0.0006275494195167869	0.007113218731475993	0.0021141649048625794	0.0	0.002690144289557349	0.0	0.0	0.0	0.0	0.0	0.005580357142857143	0.007145982207962666	0.008525576730190571	0.011505824823817058
k__Bacteria|p__Firmicutes|c__Clostridia|o__Clostridiales|f__Lachnospiraceae|f__Lachnospiraceae_g__L6	0.00423728813559322	0.003908976685746196	0.007718696397941681	0.00312256049960968	0.03167420814479638	0.022716842588343278	0.0012704865963664084	0.0	0.0	0.0	0.0	0.0	0.0	0.0	0.0	0.0	0.0	0.0	0.0	0.0	0.0	0.0	0.0	0.0	0.0
k__Bacteria|p__Firmicutes|c__Clostridia|o__Clostridiales|f__Lachnospiraceae|g__Anaerostipes	0.0	0.0	0.0	0.0	0.0	0.0	0.0008893406174564859	0.0017052721330112265	0.0	0.0	0.0	0.0	0.0	0.0	0.0	0.0	0.0	0.0	0.0	0.0	0.0	0.0	0.0	0.0	0.0
k__Bacteria|p__Firmicutes|c__Clostridia|o__Clostridiales|f__Lachnospiraceae|g__Blautia	0.01938880328710837	0.00865559123272372	0.008453810340602793	0.004059328649492584	0.004374057315233786	0.03269848554382744	0.017659763689493076	0.00881057268722467	0.001780264496439471	0.0	0.0	0.004706620646375902	0.0	0.006342494714587738	0.0	0.0	0.0	0.0	0.0	0.0	0.0	0.0	0.0	0.0	0.0
k__Bacteria|p__Firmicutes|c__Clostridia|o__Clostridiales|f__Lachnospiraceae|g__Butyrivibrio	0.0	0.0	0.0	0.0	0.0	0.0	0.0	0.0	0.0	0.0	0.0	0.0	0.0	0.0	0.0	0.0	0.0	0.0	0.0	0.0	0.0	0.0	0.0013125273443196734	0.0	0.0
k__Bacteria|p__Firmicutes|c__Clostridia|o__Clostridiales|f__Lachnospiraceae|g__Catonella	0.0	0.0	0.0	0.0	0.0	0.0	0.0	0.0	0.0	0.0	0.0	0.0	0.0	0.0	0.0	0.0	0.0	0.0	0.0	0.0	0.0	0.0	0.000729181857955374	0.0	0.0
k__Bacteria|p__Firmicutes|c__Clostridia|o__Clostridiales|f__Lachnospiraceae|g__Clostridium	0.004494093477144324	0.010191260644981152	0.00294045577064445	0.001405152224824356	0.0013574660633484162	0.005736576411197797	0.006987676280015246	0.017905357396617878	0.000508646998982706	0.0	0.0	0.0	0.0	0.0	0.0	0.0017119100024455857	0.0	0.0	0.0	0.0	0.0	0.0	0.0	0.0	0.0
k__Bacteria|p__Firmicutes|c__Clostridia|o__Clostridiales|f__Lachnospiraceae|g__Coprococcus	0.01335387776065742	0.001954488342873098	0.019235481499632442	0.003590944574551132	0.003167420814479638	0.02742083524552547	0.007877016897471731	0.005257922410117948	0.0	0.0	0.0	0.0	0.0	0.0	0.0	0.0	0.0	0.0	0.0	0.0	0.0	0.0	0.0	0.0	0.0
k__Bacteria|p__Firmicutes|c__Clostridia|o__Clostridiales|f__Lachnospiraceae|g__Dorea	0.00423728813559322	0.0012564567918469914	0.0022053418279833373	0.002029664324746292	0.0	0.0025240936209270305	0.00304916783127938	0.0025579081995168395	0.0	0.0	0.004428978171464726	0.0	0.0	0.0	0.0	0.0	0.0	0.0	0.0	0.0	0.0	0.0	0.0	0.0	0.0
k__Bacteria|p__Firmicutes|c__Clostridia|o__Clostridiales|f__Lachnospiraceae|g__Lachnoanaerobaculum	0.0	0.0	0.0	0.0	0.0	0.0	0.0	0.0	0.0	0.0009119927040583675	0.0	0.0	0.0	0.0	0.0	0.00586940572267058	0.0	0.0	0.002560163850486431	0.0	0.0	0.0	0.0	0.0	0.0
k__Bacteria|p__Firmicutes|c__Clostridia|o__Clostridiales|f__Lachnospiraceae|g__Lachnospira	0.08525937339496661	0.0018148820326678765	0.03491791227640284	0.046994535519125684	0.09773755656108597	0.07641119779715466	0.056790750857578454	0.0173369333522808	0.0	0.0	0.0	0.0	0.0	0.0014094432699083862	0.0	0.0	0.0	0.0	0.0	0.0	0.0	0.0	0.0	0.0	0.0
k__Bacteria|p__Firmicutes|c__Clostridia|o__Clostridiales|f__Lachnospiraceae|g__Moryella	0.0	0.0	0.0	0.0	0.0	0.0	0.0	0.0	0.0	0.0	0.0	0.0	0.0007903576368306659	0.0	0.0	0.0017119100024455857	0.0	0.0038888888888888888	0.0030721966205837174	0.008049242424242424	0.0031683168316831685	0.0	0.0020417092022750475	0.0	0.0014382281029771322
k__Bacteria|p__Firmicutes|c__Clostridia|o__Clostridiales|f__Lachnospiraceae|g__Oribacterium	0.0	0.006701102889850622	0.002327860818426856	0.004996096799375488	0.004223227752639517	0.0	0.0	0.0	0.0	0.0	0.0	0.0	0.012052953961667655	0.0	0.0	0.00586940572267058	0.009878760664571173	0.005555555555555556	0.007680491551459293	0.011837121212121212	0.005544554455445544	0.009486607142857142	0.01720869184774683	0.00986292209963223	0.004314684308931396
k__Bacteria|p__Firmicutes|c__Clostridia|o__Clostridiales|f__Lachnospiraceae|g__Roseburia	0.03222907036466358	0.02638559262878682	0.04864003920607694	0.03263075722092115	0.044947209653092006	0.014570904084442405	0.03811459789099225	0.01875799346312349	0.0	0.0	0.0	0.0	0.0	0.0	0.0	0.0	0.0	0.0	0.0	0.0	0.0	0.0	0.0	0.0	0.0
k__Bacteria|p__Firmicutes|c__Clostridia|o__Clostridiales|f__Lachnospiraceae|g__Ruminococcus	0.001926040061633282	0.0	0.002450379808870375	0.003590944574551132	0.0	0.001950435979807251	0.002922119171642739	0.0007105300554213443	0.0	0.0	0.0	0.0	0.0	0.0	0.0	0.0	0.0	0.0	0.0	0.0	0.0	0.0	0.0	0.0	0.0
k__Bacteria|p__Firmicutes|c__Clostridia|o__Clostridiales|f__Lachnospiraceae|g__Shuttleworthia	0.0	0.0	0.0030629747610879687	0.0	0.0	0.002179899036255163	0.000762291957819845	0.0	0.0	0.0	0.0	0.0	0.0	0.0	0.0	0.0007336757153338225	0.0	0.0	0.0	0.0	0.0	0.0	0.0	0.0	0.0
k__Bacteria|p__Firmicutes|c__Clostridia|o__Clostridiales|f__Lachnospiraceae|g___Ruminococcus_	0.0011556240369799693	0.007957559681697613	0.0	0.0	0.0027149321266968325	0.0	0.0013975352560030492	0.0027000142106011083	0.0	0.0	0.0	0.0	0.0	0.0	0.0	0.0	0.0	0.0	0.0	0.0	0.0	0.0	0.0	0.0	0.0
k__Bacteria|p__Firmicutes|c__Clostridia|o__Clostridiales|f__Peptococcaceae|g__Peptococcus	0.0	0.0	0.0	0.0	0.0	0.0	0.0	0.0	0.000508646998982706	0.0	0.0009490667510281556	0.0	0.0	0.0	0.0	0.0007336757153338225	0.0	0.0	0.0	0.0	0.0	0.0	0.0010208546011375237	0.0	0.0
k__Bacteria|p__Firmicutes|c__Clostridia|o__Clostridiales|f__Peptostreptococcaceae|f__Peptostreptococcaceae_g__L6	0.0	0.0	0.0	0.0	0.0	0.0	0.0	0.0	0.0	0.0	0.0	0.0012550988390335738	0.0015807152736613318	0.0	0.0	0.00293470286133529	0.0	0.0	0.0	0.0	0.0	0.0011160714285714285	0.002625054688639347	0.001671681711802073	0.0
k__Bacteria|p__Firmicutes|c__Clostridia|o__Clostridiales|f__Peptostreptococcaceae|g__Filifactor	0.0	0.0	0.0	0.0	0.0	0.0	0.0	0.0	0.0	0.0	0.0012654223347042075	0.0	0.0	0.0	0.0	0.0	0.0	0.0	0.0	0.0	0.0	0.0	0.0	0.0	0.0
k__Bacteria|p__Firmicutes|c__Clostridia|o__Clostridiales|f__Peptostreptococcaceae|g__Peptostreptococcus	0.0	0.0	0.0	0.0	0.0	0.0	0.0	0.0	0.0	0.0	0.0	0.0	0.0	0.0	0.0	0.0031792614331132307	0.0	0.0	0.0	0.0	0.0	0.0	0.0	0.0	0.0
k__Bacteria|p__Firmicutes|c__Clostridia|o__Clostridiales|f__Ruminococcaceae|f__Ruminococcaceae_x__L6	0.0	0.008934803853134162	0.004165645675079637	0.011241217798594848	0.016289592760180997	0.0029830197338228544	0.0016516325752763308	0.0004263180332528066	0.0	0.0	0.0	0.0	0.0	0.0	0.0	0.0	0.0	0.0	0.0	0.0	0.0	0.0	0.0	0.0	0.0
k__Bacteria|p__Firmicutes|c__Clostridia|o__Clostridiales|f__Ruminococcaceae|f__Ruminococcaceae_g__L6	0.0	0.002373307273488762	0.013354569958343544	0.002185792349726776	0.0	0.0014915098669114272	0.0024139245330961757	0.0	0.0	0.0	0.0	0.0	0.0	0.0	0.0	0.0	0.0	0.0	0.0	0.0	0.0	0.0	0.0	0.0	0.0
k__Bacteria|p__Firmicutes|c__Clostridia|o__Clostridiales|f__Ruminococcaceae|g__Faecalibacterium	0.11684643040575243	0.09926008655591233	0.06236216613575104	0.039032006245121	0.08521870286576169	0.07950894905920147	0.11510608563079659	0.018331675429870683	0.0	0.0013679890560875513	0.006327111673521037	0.0037652965171007216	0.0	0.009161381254404511	0.004214075010535188	0.0	0.0	0.0	0.0	0.0	0.0	0.0	0.0	0.0	0.0
k__Bacteria|p__Firmicutes|c__Clostridia|o__Clostridiales|f__Ruminococcaceae|g__Gemmiger	0.0	0.0	0.01274197500612595	0.0078064012490242	0.007088989441930618	0.0	0.0	0.0	0.0	0.0	0.0	0.0	0.0	0.0	0.0	0.0	0.0	0.0	0.0	0.0	0.0	0.0	0.0	0.0	0.0
k__Bacteria|p__Firmicutes|c__Clostridia|o__Clostridiales|f__Ruminococcaceae|g__Oscillospira	0.00963020030816641	0.03922937316766718	0.024626317079147267	0.040749414519906324	0.029411764705882353	0.01525929325378614	0.012704865963664084	0.012931647008668466	0.001780264496439471	0.0	0.0	0.0	0.0	0.0014094432699083862	0.0	0.0	0.0	0.0	0.0	0.0	0.0	0.0	0.0	0.0	0.0
k__Bacteria|p__Firmicutes|c__Clostridia|o__Clostridiales|f__Ruminococcaceae|g__Ruminococcus	0.0032100667693888032	0.001535669412257434	0.009433962264150943	0.025917252146760345	0.02473604826546003	0.020766406608536025	0.0	0.0012789540997584197	0.000508646998982706	0.0	0.0	0.0	0.0	0.0035236081747709656	0.0	0.0	0.0	0.0	0.0	0.0	0.0	0.0	0.0	0.0	0.0
k__Bacteria|p__Firmicutes|c__Clostridia|o__Clostridiales|f__Ruminococcaceae|g__Subdoligranulum	0.0	0.002652519893899204	0.0	0.0	0.0006033182503770739	0.0006883891693437356	0.0011434379367297675	0.002131590166264033	0.0	0.0	0.0	0.0	0.0	0.0	0.0	0.0	0.0	0.0	0.0	0.0	0.0	0.0	0.0	0.0	0.0
k__Bacteria|p__Firmicutes|c__Clostridia|o__Clostridiales|f__Veillonellaceae|f__Veillonellaceae_x__L6	0.0	0.0	0.0	0.0	0.0	0.0	0.0	0.0	0.0	0.0	0.0	0.0	0.0	0.0	0.0	0.007825874296894107	0.0	0.0	0.0035842293906810036	0.0	0.0	0.0	0.0	0.0	0.003164101826549691
k__Bacteria|p__Firmicutes|c__Clostridia|o__Clostridiales|f__Veillonellaceae|f__Veillonellaceae_g__L6	0.0	0.0	0.0	0.0	0.0	0.0008031206975676916	0.0008893406174564859	0.0	0.0	0.0	0.0	0.0	0.0	0.0	0.0	0.0	0.0	0.0	0.0	0.0	0.0	0.0	0.0	0.0	0.0
k__Bacteria|p__Firmicutes|c__Clostridia|o__Clostridiales|f__Veillonellaceae|g__Dialister	0.001027221366204417	0.001535669412257434	0.0	0.0	0.0	0.0	0.0	0.0	0.0	0.0	0.0	0.0	0.0	0.0	0.0	0.008070432868672046	0.0	0.0	0.0	0.0	0.0	0.0	0.0	0.0	0.0
k__Bacteria|p__Firmicutes|c__Clostridia|o__Clostridiales|f__Veillonellaceae|g__Megamonas	0.0	0.0	0.0	0.0	0.0	0.0	0.0	0.0	0.0	0.0	0.00506168933881683	0.0034515218073423283	0.0	0.0	0.004635482511588706	0.0	0.0	0.0	0.0	0.0	0.0	0.0	0.0	0.0	0.0
k__Bacteria|p__Firmicutes|c__Clostridia|o__Clostridiales|f__Veillonellaceae|g__Megasphaera	0.0	0.0	0.0	0.0	0.0	0.0	0.0	0.0	0.0	0.0	0.0	0.0	0.0	0.0	0.0	0.0034238200048911714	0.0	0.0	0.0	0.0	0.0	0.0	0.0	0.0	0.0
k__Bacteria|p__Firmicutes|c__Clostridia|o__Clostridiales|f__Veillonellaceae|g__Phascolarctobacterium	0.01874678993323061	0.03392433337986877	0.017152658662092625	0.01483216237314598	0.01282051282051282	0.05507113354749885	0.019438444924406047	0.07616882194116811	0.0	0.0	0.0	0.0	0.0	0.0035236081747709656	0.0012642225031605564	0.0	0.0	0.0	0.0	0.0	0.0	0.0	0.0	0.0	0.0
k__Bacteria|p__Firmicutes|c__Clostridia|o__Clostridiales|f__Veillonellaceae|g__Schwartzia	0.0	0.0	0.0	0.0	0.0	0.0	0.0	0.0	0.0	0.0	0.0	0.0	0.0	0.0	0.0	0.006603081438004402	0.0	0.0	0.0	0.0	0.0	0.0	0.0	0.0	0.0
k__Bacteria|p__Firmicutes|c__Clostridia|o__Clostridiales|f__Veillonellaceae|g__Selenomonas	0.0	0.0	0.0	0.0	0.0	0.0	0.0	0.0	0.0	0.0	0.0	0.0	0.0	0.0	0.0	0.022743947175348497	0.0	0.0	0.0	0.0	0.0	0.0	0.0013125273443196734	0.0	0.0
k__Bacteria|p__Firmicutes|c__Clostridia|o__Clostridiales|f__Veillonellaceae|g__Veillonella	0.0	0.0	0.0008576329331046312	0.0	0.0	0.0	0.0	0.0	0.009409969481180062	0.018923848609211126	0.0	0.004079071226859115	0.05868405453467694	0.0	0.008849557522123894	0.02739056003912937	0.06466097889537495	0.05611111111111111	0.1443932411674347	0.06723484848484848	0.05821782178217822	0.0546875	0.04754265713869039	0.04563691073219659	0.07320581044153603
k__Bacteria|p__Firmicutes|c__Clostridia|o__Clostridiales|f___Acidaminobacteraceae_|f___Acidaminobacteraceae__g__L6	0.0	0.0	0.0	0.0	0.0	0.0	0.0	0.0	0.0	0.0	0.0	0.0	0.0	0.0	0.0	0.001467351430667645	0.0	0.0	0.0	0.0	0.0	0.0	0.0	0.0	0.0
k__Bacteria|p__Firmicutes|c__Clostridia|o__Clostridiales|f___Mogibacteriaceae_|f___Mogibacteriaceae__g__L6	0.0	0.0	0.000490075961774075	0.00078064012490242	0.00045248868778280545	0.0	0.0	0.0	0.000508646998982706	0.0	0.0	0.0012550988390335738	0.0015807152736613318	0.0	0.0	0.00880410858400587	0.0	0.0	0.0035842293906810036	0.0	0.0039603960396039604	0.0	0.0011666909727285986	0.0	0.0
k__Bacteria|p__Firmicutes|c__Clostridia|o__Clostridiales|f___Mogibacteriaceae_|g__Mogibacterium	0.0	0.00027921262041044257	0.0	0.0	0.0	0.0	0.0	0.0	0.0	0.0	0.0	0.0	0.0	0.0	0.0	0.002445585717779408	0.0	0.0	0.0035842293906810036	0.001893939393939394	0.0	0.0	0.00043750911477322444	0.0008358408559010365	0.0
k__Bacteria|p__Firmicutes|c__Clostridia|o__Clostridiales|f___Tissierellaceae_|f___Tissierellaceae__g__L6	0.0	0.0	0.0	0.0	0.0	0.0	0.0	0.0	0.0	0.0	0.0	0.0006275494195167869	0.0	0.0	0.0	0.0	0.0	0.0	0.0	0.0	0.0	0.0	0.0	0.0	0.0
k__Bacteria|p__Firmicutes|c__Clostridia|o__Clostridiales|f___Tissierellaceae_|g__1_68	0.0	0.0	0.0	0.0	0.0	0.0	0.0	0.0	0.00254323499491353	0.0	0.0	0.0015688735487919673	0.0	0.0	0.0	0.001467351430667645	0.0	0.0	0.0	0.0	0.0	0.0	0.0	0.0	0.0
k__Bacteria|p__Firmicutes|c__Clostridia|o__Clostridiales|f___Tissierellaceae_|g__Anaerococcus	0.0	0.0	0.0	0.0	0.0	0.0	0.0	0.0	0.03535096642929807	0.0392156862745098	0.013286934514394179	0.009413241292751805	0.0013831258644536654	0.03241719520789288	0.04677623261694058	0.010760577158229395	0.0	0.0	0.0	0.0	0.0	0.0	0.0	0.0	0.0
k__Bacteria|p__Firmicutes|c__Clostridia|o__Clostridiales|f___Tissierellaceae_|g__Finegoldia	0.0	0.001535669412257434	0.0	0.0	0.0	0.0	0.0	0.0	0.018311291963377416	0.005927952576379389	0.004428978171464726	0.005020395356134295	0.0021734835012843312	0.030303030303030304	0.018541930046354824	0.010760577158229395	0.0	0.0	0.0	0.0	0.0	0.0	0.0	0.0	0.0
k__Bacteria|p__Firmicutes|c__Clostridia|o__Clostridiales|f___Tissierellaceae_|g__Helcococcus	0.0	0.0	0.0	0.0	0.0	0.0	0.0	0.0	0.001271617497456765	0.0006839945280437756	0.0	0.0	0.0	0.0	0.0	0.0	0.0	0.0	0.0	0.0	0.0	0.0	0.0	0.0	0.0
k__Bacteria|p__Firmicutes|c__Clostridia|o__Clostridiales|f___Tissierellaceae_|g__Parvimonas	0.0	0.0	0.0	0.0	0.0	0.0	0.0	0.0	0.003051881993896236	0.002051983584131327	0.0009490667510281556	0.0025101976780671476	0.0	0.004933051444679351	0.002107037505267594	0.014184397163120567	0.000898069151324652	0.0	0.0	0.000946969696969697	0.005148514851485149	0.0	0.00029167274318214965	0.0006686726847208291	0.0010067596720839925
k__Bacteria|p__Firmicutes|c__Clostridia|o__Clostridiales|f___Tissierellaceae_|g__Peptoniphilus	0.0	0.0011168504816417703	0.0	0.0	0.0	0.0	0.0	0.0	0.026703967446592064	0.010715914272685818	0.009807023093957609	0.004079071226859115	0.0007903576368306659	0.05144467935165609	0.025705857564264644	0.008314991440449988	0.0	0.0	0.0	0.0	0.0	0.0	0.0	0.0	0.0
k__Bacteria|p__Firmicutes|c__Clostridia|o__Clostridiales|f___Tissierellaceae_|g__WAL_1855D	0.0007704160246533128	0.0	0.0	0.0	0.0	0.0	0.0	0.0	0.003051881993896236	0.00045599635202918376	0.0009490667510281556	0.0	0.0	0.0	0.0	0.0	0.0	0.0	0.0	0.0	0.0	0.0	0.0	0.0	0.0
k__Bacteria|p__Firmicutes|c__Clostridia|o__Clostridiales|f___Tissierellaceae_|g__ph2	0.0	0.0	0.0	0.0	0.0	0.0	0.0	0.0	0.0	0.0	0.0	0.0	0.0	0.007751937984496124	0.0	0.001222792858889704	0.0	0.0	0.0	0.0	0.0	0.0	0.0	0.0	0.0
k__Bacteria|p__Firmicutes|c__Clostridia|o__OPB54|o__OPB54_f__L5|o__OPB54_g__L6	0.0	0.0	0.0	0.0	0.0	0.0	0.0	0.0	0.0	0.0	0.0	0.0006275494195167869	0.0	0.0	0.0	0.0	0.0	0.0	0.0	0.0	0.0	0.0	0.0	0.0	0.0
k__Bacteria|p__Firmicutes|c__Erysipelotrichi|o__Erysipelotrichales|f__Erysipelotrichaceae|f__Erysipelotrichaceae_g__L6	0.00423728813559322	0.0	0.0050232786081842685	0.001873536299765808	0.0012066365007541479	0.005392381826525929	0.008639308855291577	0.0	0.000508646998982706	0.0	0.0	0.0	0.0	0.0	0.0	0.0	0.0	0.0	0.0	0.0	0.0	0.0	0.0	0.0	0.0
k__Bacteria|p__Firmicutes|c__Erysipelotrichi|o__Erysipelotrichales|f__Erysipelotrichaceae|g__Allobaculum	0.0	0.0	0.0	0.0	0.0	0.0	0.0	0.0	0.0	0.0	0.002530844669408415	0.0	0.0	0.0	0.0	0.0	0.0	0.0	0.0	0.0	0.0	0.0	0.0	0.0	0.0
k__Bacteria|p__Firmicutes|c__Erysipelotrichi|o__Erysipelotrichales|f__Erysipelotrichaceae|g__Bulleidia	0.0	0.0	0.0	0.0	0.0	0.0	0.0	0.0	0.0	0.0	0.0	0.0	0.00039517881841533294	0.0	0.0	0.00293470286133529	0.0	0.0	0.0010240655401945725	0.0	0.001188118811881188	0.0	0.0011666909727285986	0.0018388498829822802	0.003739393067740544
k__Bacteria|p__Firmicutes|c__Erysipelotrichi|o__Erysipelotrichales|f__Erysipelotrichaceae|g__Catenibacterium	0.0	0.0	0.0	0.0	0.0	0.0	0.0	0.0	0.0	0.0	0.0018981335020563112	0.0018826482585503608	0.0	0.0	0.0	0.0	0.0	0.0	0.0	0.0	0.0	0.0	0.0	0.0	0.0
k__Bacteria|p__Firmicutes|c__Erysipelotrichi|o__Erysipelotrichales|f__Erysipelotrichaceae|g__Holdemania	0.0	0.0	0.0	0.000624512099921936	0.0006033182503770739	0.0006883891693437356	0.0005081946385465633	0.0	0.0	0.0	0.0	0.0	0.0	0.0	0.0	0.0	0.0	0.0	0.0	0.0	0.0	0.0	0.0	0.0	0.0
k__Bacteria|p__Firmicutes|c__Erysipelotrichi|o__Erysipelotrichales|f__Erysipelotrichaceae|g___Eubacterium_	0.0	0.0	0.0	0.0	0.0	0.0	0.0	0.0	0.0	0.0	0.0015817779183802593	0.0	0.0	0.0	0.0	0.0	0.0	0.0	0.0	0.0	0.0	0.0	0.0	0.0	0.0
k__Bacteria|p__Fusobacteria|c__Fusobacteriia|o__Fusobacteriales|f__Fusobacteriaceae|f__Fusobacteriaceae_x__L6	0.0	0.0	0.0	0.0	0.0	0.0	0.0	0.0	0.0	0.0	0.0	0.006275494195167869	0.0	0.0	0.0	0.0	0.0	0.0	0.0	0.0	0.0	0.0	0.0	0.0	0.0
k__Bacteria|p__Fusobacteria|c__Fusobacteriia|o__Fusobacteriales|f__Fusobacteriaceae|g__Fusobacterium	0.003980482794042116	0.0	0.0	0.0	0.0	0.0	0.0	0.0004263180332528066	0.018056968463886065	0.022343821249430004	0.010756089844985764	0.01349231251961092	0.12487650661924521	0.0204369274136716	0.008006742520016857	0.1210564930300807	0.07903008531656938	0.023333333333333334	0.05478750640040963	0.09611742424242424	0.19960396039603961	0.09430803571428571	0.09071022312964853	0.1517886994316282	0.09219042140083417
k__Bacteria|p__Fusobacteria|c__Fusobacteriia|o__Fusobacteriales|f__Leptotrichiaceae|f__Leptotrichiaceae_x__L6	0.0	0.0	0.0	0.0	0.0	0.0	0.0	0.0	0.0	0.0	0.0	0.004079071226859115	0.0	0.0	0.0	0.0	0.0	0.0	0.0	0.0	0.0	0.0	0.0	0.0	0.0
k__Bacteria|p__Fusobacteria|c__Fusobacteriia|o__Fusobacteriales|f__Leptotrichiaceae|g__Leptotrichia	0.0	0.0	0.0	0.0	0.0	0.0	0.0	0.0	0.001271617497456765	0.004103967168262654	0.0	0.0	0.007705986959098993	0.0	0.0	0.028613352898019074	0.003592276605298608	0.002777777777777778	0.00409626216077829	0.007575757575757576	0.009504950495049505	0.00390625	0.006708473093189442	0.011868940153794718	0.011362002013519345
k__Bacteria|p__Fusobacteria|c__Fusobacteriia|o__Fusobacteriales|f__Leptotrichiaceae|g__Streptobacillus	0.0	0.0	0.0	0.0	0.0	0.0	0.0	0.0	0.030010172939979655	0.011399908800729594	0.017715912685858905	0.011609664261060559	0.0	0.013389711064129669	0.0037926675094816687	0.0	0.0	0.0	0.0	0.0	0.0	0.0	0.0	0.0	0.0
k__Bacteria|p__GN02|c__BD1_5|c__BD1_5_o__L4|c__BD1_5_f__L5|c__BD1_5_g__L6	0.0	0.0	0.0	0.0	0.0	0.0	0.0	0.0	0.0	0.0006839945280437756	0.0	0.0006275494195167869	0.0	0.0	0.0	0.0007336757153338225	0.0	0.0	0.0	0.0	0.0	0.0	0.0	0.0	0.0
k__Bacteria|p__Proteobacteria|p__Proteobacteria_x__L3|p__Proteobacteria_x__L4|p__Proteobacteria_x__L5|p__Proteobacteria_x__L6	0.0	0.0	0.0	0.0	0.0	0.0	0.0	0.0	0.0	0.0	0.0	0.0009413241292751804	0.0	0.0	0.0	0.0	0.0	0.0	0.0	0.0	0.0	0.0	0.0	0.0	0.0
k__Bacteria|p__Proteobacteria|c__Alphaproteobacteria|o__Caulobacterales|f__Caulobacteraceae|g__Brevundimonas	0.0	0.0	0.0	0.0	0.0	0.0	0.0	0.0	0.005849440488301119	0.0027359781121751026	0.0031635558367605187	0.005961719485409476	0.0	0.0	0.0	0.0	0.0	0.0	0.0	0.0	0.0	0.0	0.0	0.0	0.0
k__Bacteria|p__Proteobacteria|c__Alphaproteobacteria|o__Caulobacterales|f__Caulobacteraceae|g__Caulobacter	0.0	0.0	0.0	0.0	0.0	0.0	0.0	0.0	0.0	0.0	0.0	0.0	0.0	0.0028188865398167725	0.0	0.0	0.0	0.0	0.0	0.0	0.0	0.0	0.0	0.0	0.0
k__Bacteria|p__Proteobacteria|c__Alphaproteobacteria|o__Rhizobiales|f__Brucellaceae|f__Brucellaceae_x__L6	0.0	0.0	0.0	0.0	0.0	0.0	0.0	0.0	0.0	0.0	0.0	0.012237213680577345	0.0	0.0	0.0	0.0	0.0	0.0	0.0	0.0	0.0	0.0	0.0	0.0	0.0
k__Bacteria|p__Proteobacteria|c__Alphaproteobacteria|o__Rhizobiales|f__Hyphomicrobiaceae|g__Devosia	0.0	0.0	0.0	0.0	0.0	0.0	0.0	0.0	0.0	0.002279981760145919	0.0	0.0	0.0	0.0	0.0	0.0	0.0	0.0	0.0	0.0	0.0	0.0	0.0	0.0	0.0
k__Bacteria|p__Proteobacteria|c__Alphaproteobacteria|o__Rhizobiales|f__Methylobacteriaceae|g__Methylobacterium	0.0	0.0	0.0	0.0	0.0	0.0	0.0	0.0	0.002288911495422177	0.0	0.0018981335020563112	0.0031377470975839346	0.0	0.004933051444679351	0.0	0.0	0.0	0.0	0.0	0.0	0.0	0.0	0.0	0.0	0.0
k__Bacteria|p__Proteobacteria|c__Alphaproteobacteria|o__Rhizobiales|f__Rhizobiaceae|g__Rhizobium	0.0	0.0	0.0	0.0	0.0	0.0	0.0	0.0	0.0	0.0	0.006959822840873141	0.0	0.0	0.0	0.0	0.0	0.0	0.0	0.0	0.0	0.0	0.0	0.0	0.0	0.0
k__Bacteria|p__Proteobacteria|c__Alphaproteobacteria|o__Rhodobacterales|f__Rhodobacteraceae|g__Paracoccus	0.0	0.0	0.0	0.0	0.0	0.0	0.0	0.0	0.0043234994913530014	0.0027359781121751026	0.0	0.005647944775651083	0.0	0.009161381254404511	0.0	0.0	0.0	0.0	0.0	0.0	0.0	0.0	0.0	0.0	0.0
k__Bacteria|p__Proteobacteria|c__Alphaproteobacteria|o__Rhodobacterales|f__Rhodobacteraceae|g__Rubellimicrobium	0.0	0.0	0.0	0.0	0.0	0.0	0.0	0.0	0.0	0.0006839945280437756	0.0012654223347042075	0.0	0.0	0.0021141649048625794	0.0	0.0	0.0	0.0	0.0	0.0	0.0	0.0	0.0	0.0	0.0
k__Bacteria|p__Proteobacteria|c__Alphaproteobacteria|o__Rhodospirillales|f__Acetobacteraceae|f__Acetobacteraceae_g__L6	0.0	0.0	0.0	0.0	0.0	0.0	0.0	0.0	0.0	0.00045599635202918376	0.0	0.0	0.0	0.0	0.0	0.0	0.0	0.0	0.0	0.0	0.0	0.0	0.0	0.0	0.0
k__Bacteria|p__Proteobacteria|c__Alphaproteobacteria|o__Rhodospirillales|f__Rhodospirillaceae|f__Rhodospirillaceae_x__L6	0.0	0.0	0.0	0.0	0.0	0.0	0.0	0.0	0.0	0.0	0.0009490667510281556	0.0	0.0	0.0	0.0	0.0	0.0	0.0	0.0	0.0	0.0	0.0	0.0	0.0	0.0
k__Bacteria|p__Proteobacteria|c__Alphaproteobacteria|o__Rhodospirillales|f__Rhodospirillaceae|g__Skermanella	0.0	0.0	0.0	0.0	0.0	0.0	0.0	0.0	0.000762970498474059	0.0	0.0	0.0	0.0	0.0	0.0	0.0	0.0	0.0	0.0	0.0	0.0	0.0	0.0	0.0	0.0
k__Bacteria|p__Proteobacteria|c__Alphaproteobacteria|o__Rickettsiales|f__mitochondria|f__mitochondria_x__L6	0.0	0.0	0.0	0.0	0.0	0.0	0.0	0.0	0.02288911495422177	0.0	0.0	0.013178537809852526	0.00039517881841533294	0.0	0.014327855035819638	0.0	0.023798832510103278	0.0	0.0	0.0	0.0	0.0	0.0	0.0	0.0
k__Bacteria|p__Proteobacteria|c__Alphaproteobacteria|o__Rickettsiales|f__mitochondria|g__Cucurbita	0.0	0.0	0.0	0.0	0.0	0.0	0.0	0.0	0.0	0.0	0.013286934514394179	0.0	0.0	0.007047216349541931	0.0	0.0	0.0	0.0	0.0	0.0	0.0	0.0	0.0	0.0	0.0
k__Bacteria|p__Proteobacteria|c__Alphaproteobacteria|o__Sphingomonadales|f__Sphingomonadaceae|f__Sphingomonadaceae_x__L6	0.0	0.0	0.0	0.0	0.0	0.0	0.0	0.0	0.0	0.0	0.0031635558367605187	0.0	0.0	0.0	0.004635482511588706	0.0	0.0	0.0	0.0	0.0	0.0	0.0	0.0	0.0	0.0
k__Bacteria|p__Proteobacteria|c__Alphaproteobacteria|o__Sphingomonadales|f__Sphingomonadaceae|g__Kaistobacter	0.0	0.0	0.0	0.0	0.0	0.0	0.0	0.0	0.0	0.0	0.0	0.0	0.0	0.0	0.0	0.001467351430667645	0.0	0.0	0.0	0.0	0.0	0.0	0.0	0.0	0.0
k__Bacteria|p__Proteobacteria|c__Alphaproteobacteria|o__Sphingomonadales|f__Sphingomonadaceae|g__Sphingomonas	0.0	0.0	0.0	0.0	0.0	0.0	0.0	0.0	0.005340793489318413	0.005927952576379389	0.006327111673521037	0.01537496077816128	0.0	0.011980267794221282	0.0029498525073746312	0.0	0.0	0.0	0.0	0.0	0.0	0.0	0.0	0.0	0.0
k__Bacteria|p__Proteobacteria|c__Alphaproteobacteria|o__Sphingomonadales|f__Sphingomonadaceae|g__Sphingopyxis	0.0	0.0	0.0	0.0	0.0	0.0	0.0	0.0	0.0	0.0	0.0	0.0018826482585503608	0.0	0.0	0.0	0.0	0.0	0.0	0.0	0.0	0.0	0.0	0.0	0.0	0.0
k__Bacteria|p__Proteobacteria|c__Betaproteobacteria|c__Betaproteobacteria_x__L4|c__Betaproteobacteria_x__L5|c__Betaproteobacteria_x__L6	0.0	0.0	0.0	0.0	0.0	0.0	0.0	0.0	0.0	0.0	0.0	0.0	0.0	0.0	0.0	0.004402054292002935	0.0	0.0	0.0	0.0	0.0	0.0	0.0	0.0	0.0
k__Bacteria|p__Proteobacteria|c__Betaproteobacteria|o__Burkholderiales|o__Burkholderiales_x__L5|o__Burkholderiales_x__L6	0.004494093477144324	0.0	0.0	0.012334113973458237	0.007239819004524887	0.013653051858650758	0.010926184728751112	0.0	0.0	0.0	0.0	0.0	0.0	0.0	0.0	0.0	0.0	0.0	0.0	0.0	0.0	0.0	0.0	0.0	0.0
k__Bacteria|p__Proteobacteria|c__Betaproteobacteria|o__Burkholderiales|f__Alcaligenaceae|g__Alcaligenes	0.0	0.0	0.0	0.0	0.0	0.0	0.0	0.0	0.0	0.0	0.0	0.0012550988390335738	0.0	0.0	0.0	0.0	0.0	0.0	0.0	0.0	0.0	0.0	0.0	0.0	0.0
k__Bacteria|p__Proteobacteria|c__Betaproteobacteria|o__Burkholderiales|f__Alcaligenaceae|g__Oligella	0.0	0.0	0.0	0.0	0.0	0.0	0.0	0.0	0.001525940996948118	0.0011399908800729594	0.0009490667510281556	0.0	0.0	0.0	0.0	0.0	0.0	0.0	0.0	0.0	0.0	0.0	0.0	0.0	0.0
k__Bacteria|p__Proteobacteria|c__Betaproteobacteria|o__Burkholderiales|f__Alcaligenaceae|g__Pusillimonas	0.0	0.0	0.0	0.0	0.0	0.0	0.0	0.0	0.0	0.0	0.0	0.005334170065892689	0.0	0.0	0.0	0.0	0.0	0.0	0.0	0.0	0.0	0.0	0.0	0.0	0.0
k__Bacteria|p__Proteobacteria|c__Betaproteobacteria|o__Burkholderiales|f__Burkholderiaceae|g__Lautropia	0.0	0.0	0.0	0.0	0.0	0.0	0.0	0.0	0.003560528992878942	0.0	0.0	0.011923438970818953	0.0	0.0	0.005478297513695744	0.04206407434580582	0.0	0.0	0.0	0.002840909090909091	0.0	0.0	0.003208400175003646	0.0008358408559010365	0.00043146843089313965
k__Bacteria|p__Proteobacteria|c__Betaproteobacteria|o__Burkholderiales|f__Comamonadaceae|f__Comamonadaceae_x__L6	0.0	0.001535669412257434	0.0	0.0	0.0	0.0	0.0	0.0	0.008646998982706003	0.0047879616963064295	0.0	0.01631628490743646	0.027267338470657973	0.0	0.0	0.00880410858400587	0.0	0.0	0.0	0.0	0.0	0.0	0.0	0.0	0.0
k__Bacteria|p__Proteobacteria|c__Betaproteobacteria|o__Burkholderiales|f__Comamonadaceae|g__Acidovorax	0.0	0.0	0.0	0.0	0.0	0.0	0.0	0.0	0.006866734486266531	0.0	0.0	0.0	0.0	0.0	0.0	0.0	0.0	0.0	0.0	0.0	0.0	0.0	0.0	0.0	0.0
k__Bacteria|p__Proteobacteria|c__Betaproteobacteria|o__Burkholderiales|f__Comamonadaceae|g__Hydrogenophaga	0.0	0.0	0.0	0.0	0.0	0.0	0.0	0.0	0.0	0.0	0.0	0.0	0.0023710729104919974	0.0	0.0	0.0	0.0	0.0	0.0	0.0	0.0	0.0	0.0	0.0	0.0
k__Bacteria|p__Proteobacteria|c__Betaproteobacteria|o__Burkholderiales|f__Comamonadaceae|g__Methylibium	0.0	0.0	0.0	0.00312256049960968	0.0	0.004015603487838458	0.0026680218523694576	0.0	0.0	0.0	0.0	0.0	0.0	0.0	0.0	0.0	0.0	0.0	0.0	0.0	0.0	0.0	0.0	0.0	0.0
k__Bacteria|p__Proteobacteria|c__Betaproteobacteria|o__Burkholderiales|f__Comamonadaceae|g__Pelomonas	0.0	0.0	0.0	0.0	0.0	0.0	0.0	0.0	0.0	0.0	0.009490667510281556	0.0	0.0	0.0	0.0	0.0	0.0	0.0	0.0	0.0	0.0	0.0	0.0	0.0	0.0
k__Bacteria|p__Proteobacteria|c__Betaproteobacteria|o__Burkholderiales|f__Oxalobacteraceae|f__Oxalobacteraceae_x__L6	0.0	0.0	0.0	0.0	0.0	0.0	0.0	0.0	0.001525940996948118	0.004103967168262654	0.006959822840873141	0.009099466582993411	0.0	0.0	0.004214075010535188	0.0	0.0	0.0	0.0	0.0	0.0	0.0	0.0	0.0	0.0
k__Bacteria|p__Proteobacteria|c__Betaproteobacteria|o__Burkholderiales|f__Oxalobacteraceae|g__Janthinobacterium	0.0	0.0	0.0	0.0	0.0	0.0	0.0	0.0	0.0	0.0	0.0	0.008471917163476624	0.0	0.019027484143763214	0.0	0.0	0.0	0.0	0.0	0.0	0.0	0.0	0.0	0.0	0.0
k__Bacteria|p__Proteobacteria|c__Betaproteobacteria|o__Burkholderiales|f__Oxalobacteraceae|g__Oxalobacter	0.0	0.0	0.0006125949522175938	0.0	0.0	0.0	0.0	0.0	0.0	0.0	0.0	0.0	0.0	0.0	0.0	0.0	0.0	0.0	0.0	0.0	0.0	0.0	0.0	0.0	0.0
k__Bacteria|p__Proteobacteria|c__Betaproteobacteria|o__Methylophilales|f__Methylophilaceae|g__Methylotenera	0.0	0.0	0.0	0.0	0.0	0.0	0.0	0.0	0.002034587995930824	0.0	0.0	0.0	0.0	0.0	0.0	0.0	0.0	0.0	0.0	0.0	0.0	0.0	0.0	0.0	0.0
k__Bacteria|p__Proteobacteria|c__Betaproteobacteria|o__Neisseriales|f__Neisseriaceae|f__Neisseriaceae_g__L6	0.0	0.0	0.0	0.0	0.0	0.0	0.0	0.0	0.0	0.0011399908800729594	0.0	0.0	0.0	0.0	0.0	0.0	0.0	0.0	0.0	0.0	0.0	0.0	0.0	0.0	0.0
k__Bacteria|p__Proteobacteria|c__Betaproteobacteria|o__Neisseriales|f__Neisseriaceae|g__Conchiformibius	0.0	0.0	0.0	0.0	0.0	0.0	0.0	0.0	0.0	0.0	0.0060107560898449855	0.023219328522121118	0.0	0.0	0.0	0.0	0.0	0.0	0.0	0.0	0.0	0.0	0.0	0.0	0.0
k__Bacteria|p__Proteobacteria|c__Betaproteobacteria|o__Neisseriales|f__Neisseriaceae|g__Kingella	0.0	0.0	0.0	0.0	0.0	0.0	0.0	0.0	0.0	0.0	0.0018981335020563112	0.010982114841543772	0.0	0.0	0.0	0.0031792614331132307	0.0	0.0	0.0	0.0	0.0	0.0	0.0	0.0	0.0
k__Bacteria|p__Proteobacteria|c__Betaproteobacteria|o__Neisseriales|f__Neisseriaceae|g__Neisseria	0.0006420133538777606	0.0	0.0	0.0	0.0	0.0	0.0	0.0	0.012970498474059003	0.023711810305517556	0.007592534008225245	0.01004079071226859	0.23473621813870776	0.03312191684284708	0.05099030762747577	0.05404744436292492	0.008082622361921869	0.2827777777777778	0.04352278545826933	0.22443181818181818	0.1897029702970297	0.24888392857142858	0.5145107189733119	0.2883650952858576	0.1928663886092334
k__Bacteria|p__Proteobacteria|c__Betaproteobacteria|o__Neisseriales|f__Neisseriaceae|g__Vogesella	0.0	0.0	0.0	0.0	0.0	0.0	0.0	0.0	0.0	0.0	0.0	0.0	0.0019758940920766646	0.0	0.0	0.0	0.0	0.0	0.0	0.0	0.0	0.0	0.0	0.0	0.0
k__Bacteria|p__Proteobacteria|c__Deltaproteobacteria|o__Desulfovibrionales|f__Desulfomicrobiaceae|f__Desulfomicrobiaceae_g__L6	0.0	0.0	0.0	0.0	0.0	0.0	0.0	0.0	0.0	0.0	0.0006327111673521037	0.0	0.0	0.0	0.0	0.0	0.0	0.0	0.0	0.0	0.0	0.0	0.0	0.0	0.0
k__Bacteria|p__Proteobacteria|c__Deltaproteobacteria|o__Desulfovibrionales|f__Desulfomicrobiaceae|g__Desulfomicrobium	0.0	0.0	0.0	0.0	0.0	0.0	0.0	0.0	0.0	0.0	0.0	0.0009413241292751804	0.0	0.0	0.0	0.0	0.0	0.0	0.0	0.0	0.0	0.0	0.0	0.0	0.0
k__Bacteria|p__Proteobacteria|c__Deltaproteobacteria|o__Desulfovibrionales|f__Desulfovibrionaceae|g__Bilophila	0.0	0.007259528130671506	0.0012251899044351876	0.004059328649492584	0.0022624434389140274	0.0	0.0	0.0	0.0	0.0	0.0	0.0	0.0	0.0	0.0	0.0	0.0	0.0	0.0	0.0	0.0	0.0	0.0	0.0	0.0
k__Bacteria|p__Proteobacteria|c__Deltaproteobacteria|o__Desulfovibrionales|f__Desulfovibrionaceae|g__Desulfovibrio	0.010143810991268619	0.005584252408208851	0.002572898799313894	0.004215456674473068	0.0036199095022624436	0.004015603487838458	0.003684411129462584	0.00881057268722467	0.0	0.0	0.0	0.0	0.0	0.0	0.0	0.0	0.0	0.0	0.0	0.0	0.0	0.0	0.0	0.0	0.0
k__Bacteria|p__Proteobacteria|c__Deltaproteobacteria|o__Myxococcales|o__Myxococcales_x__L5|o__Myxococcales_x__L6	0.0	0.0	0.0	0.0	0.0	0.0	0.0	0.0	0.0	0.0	0.0	0.0012550988390335738	0.0	0.0	0.0	0.0	0.0	0.0	0.0	0.0	0.0	0.0	0.0	0.0	0.0
k__Bacteria|p__Proteobacteria|c__Epsilonproteobacteria|o__Campylobacterales|f__Campylobacteraceae|g__Arcobacter	0.0	0.0	0.0	0.0	0.0	0.0	0.0	0.0	0.0	0.0	0.0	0.0012550988390335738	0.0	0.0	0.0	0.0	0.0	0.0	0.0	0.0	0.0	0.0	0.0	0.0	0.0
k__Bacteria|p__Proteobacteria|c__Epsilonproteobacteria|o__Campylobacterales|f__Campylobacteraceae|g__Campylobacter	0.0	0.0	0.0	0.0	0.0	0.0	0.0	0.0	0.001017293997965412	0.0009119927040583675	0.0	0.0018826482585503608	0.00671803991306066	0.0021141649048625794	0.00337126000842815	0.016629982880899976	0.00449034575662326	0.0044444444444444444	0.010752688172043012	0.017992424242424244	0.007128712871287129	0.00390625	0.010646055126148461	0.005182213306586426	0.015389040701855315
k__Bacteria|p__Proteobacteria|c__Gammaproteobacteria|o__Aeromonadales|f__Aeromonadaceae|g__Oceanisphaera	0.0	0.0	0.0	0.0	0.0	0.0	0.0	0.0	0.0	0.0	0.0	0.004079071226859115	0.0	0.0	0.0	0.0	0.0	0.0	0.0	0.0	0.0	0.0	0.0	0.0	0.0
k__Bacteria|p__Proteobacteria|c__Gammaproteobacteria|o__Aeromonadales|f__Succinivibrionaceae|g__Anaerobiospirillum	0.0	0.0	0.0	0.0	0.0	0.0	0.0	0.0	0.0	0.0	0.0	0.0009413241292751804	0.0	0.0	0.0	0.0	0.0	0.0	0.0	0.0	0.0	0.0	0.0	0.0	0.0
k__Bacteria|p__Proteobacteria|c__Gammaproteobacteria|o__Alteromonadales|f__Alteromonadaceae|g__Cellvibrio	0.0	0.0	0.0	0.0	0.0	0.0	0.0	0.0	0.0	0.0	0.0	0.0012550988390335738	0.0	0.0	0.0	0.0	0.0	0.0	0.0	0.0	0.0	0.0	0.0	0.0	0.0
k__Bacteria|p__Proteobacteria|c__Gammaproteobacteria|o__Cardiobacteriales|f__Cardiobacteriaceae|f__Cardiobacteriaceae_g__L6	0.0	0.0	0.0	0.0	0.0	0.0	0.0	0.0	0.0	0.0	0.0	0.0015688735487919673	0.0	0.0	0.0	0.0	0.0	0.0	0.0	0.0	0.0	0.0	0.0	0.0	0.0
k__Bacteria|p__Proteobacteria|c__Gammaproteobacteria|o__Cardiobacteriales|f__Cardiobacteriaceae|g__Cardiobacterium	0.0	0.0	0.0	0.0	0.0	0.0	0.0	0.0	0.0	0.0	0.0	0.0	0.0	0.0	0.0	0.00880410858400587	0.0	0.0	0.0	0.0	0.0	0.0	0.0	0.0	0.0
k__Bacteria|p__Proteobacteria|c__Gammaproteobacteria|o__Enterobacteriales|f__Enterobacteriaceae|f__Enterobacteriaceae_x__L6	0.004879301489470981	0.008376378612313277	0.0007351139426611125	0.0	0.0007541478129713424	0.0	0.023885148011688475	0.03481597271564587	0.003560528992878942	0.012539899680802553	0.004745333755140778	0.009727016002510198	0.0	0.0	0.0	0.0	0.0	0.0	0.0	0.0	0.0	0.0	0.0	0.0	0.0
k__Bacteria|p__Proteobacteria|c__Gammaproteobacteria|o__Legionellales|f__Legionellaceae|g__Tatlockia	0.0	0.0	0.0	0.0	0.0	0.0	0.0	0.0	0.0	0.0	0.0006327111673521037	0.0	0.0	0.0	0.0	0.0	0.0	0.0	0.0	0.0	0.0	0.0	0.0	0.0	0.0
k__Bacteria|p__Proteobacteria|c__Gammaproteobacteria|o__Pasteurellales|f__Pasteurellaceae|f__Pasteurellaceae_x__L6	0.0	0.0	0.0	0.0	0.0	0.0	0.0	0.0	0.0	0.0	0.0	0.01537496077816128	0.0	0.0	0.0	0.0	0.0	0.0	0.0	0.0	0.0	0.0	0.0	0.0	0.0
k__Bacteria|p__Proteobacteria|c__Gammaproteobacteria|o__Pasteurellales|f__Pasteurellaceae|f__Pasteurellaceae_g__L6	0.0	0.0	0.0	0.0	0.0	0.0	0.0	0.0	0.013224821973550356	0.005699954400364797	0.021195824106295474	0.11766551615939755	0.0	0.009866102889358703	0.00337126000842815	0.0	0.0	0.0	0.0	0.0	0.0	0.0	0.0	0.0	0.0
k__Bacteria|p__Proteobacteria|c__Gammaproteobacteria|o__Pasteurellales|f__Pasteurellaceae|g__Aggregatibacter	0.0	0.0	0.0	0.0	0.0	0.0	0.0	0.0	0.0	0.0	0.0	0.0	0.0	0.0	0.007585335018963337	0.015407190022010272	0.0	0.007222222222222222	0.0	0.0	0.0	0.0	0.0	0.0	0.0
k__Bacteria|p__Proteobacteria|c__Gammaproteobacteria|o__Pasteurellales|f__Pasteurellaceae|g__Haemophilus	0.0	0.0	0.0006125949522175938	0.0	0.0	0.0	0.0	0.0007105300554213443	0.009409969481180062	0.02165982672138623	0.006327111673521037	0.004706620646375902	0.2333530922742541	0.03171247357293869	0.04129793510324484	0.029102470041574957	0.23753929052537046	0.25166666666666665	0.1300563236047107	0.1690340909090909	0.15445544554455445	0.296875	0.13708618929561034	0.2158141089936476	0.10412771465554437
k__Bacteria|p__Proteobacteria|c__Gammaproteobacteria|o__Pasteurellales|f__Pasteurellaceae|g__Pasteurella	0.0	0.0	0.0	0.0	0.0	0.0	0.0	0.0	0.0	0.0	0.0	0.005647944775651083	0.0	0.0	0.0	0.0	0.0	0.0	0.0	0.0	0.0	0.0	0.0	0.0	0.0
k__Bacteria|p__Proteobacteria|c__Gammaproteobacteria|o__Pseudomonadales|f__Moraxellaceae|f__Moraxellaceae_x__L6	0.0	0.0	0.0	0.0	0.0	0.0	0.0	0.0	0.0	0.0	0.0	0.0012550988390335738	0.0	0.0	0.0	0.0	0.0	0.0	0.0	0.0	0.0	0.0	0.0	0.0	0.0
k__Bacteria|p__Proteobacteria|c__Gammaproteobacteria|o__Pseudomonadales|f__Moraxellaceae|g__Acinetobacter	0.0	0.0	0.0	0.0	0.0	0.0	0.0	0.0	0.20676500508647	0.017783857729138167	0.012337867763366024	0.016943834326953247	0.004742145820983995	0.0	0.0	0.0009782342871117633	0.0	0.0	0.0	0.0	0.0	0.0	0.0	0.0	0.0
k__Bacteria|p__Proteobacteria|c__Gammaproteobacteria|o__Pseudomonadales|f__Moraxellaceae|g__Enhydrobacter	0.0	0.0	0.0	0.0	0.0	0.0	0.0	0.0	0.021617497456765004	0.003875968992248062	0.0031635558367605187	0.006275494195167869	0.0007903576368306659	0.0	0.0	0.001222792858889704	0.0	0.0	0.0	0.0	0.0	0.0	0.0	0.0	0.0
k__Bacteria|p__Proteobacteria|c__Gammaproteobacteria|o__Pseudomonadales|f__Moraxellaceae|g__Moraxella	0.0	0.0	0.0	0.0	0.0	0.0	0.0	0.0	0.002797558494404883	0.0	0.006959822840873141	0.0335738939441481	0.0	0.0	0.0	0.0	0.0	0.0	0.0	0.0	0.0	0.0	0.0	0.0	0.0
k__Bacteria|p__Proteobacteria|c__Gammaproteobacteria|o__Pseudomonadales|f__Moraxellaceae|g__Perlucidibaca	0.0	0.0	0.0	0.0	0.0	0.0	0.0	0.0	0.0	0.0	0.0	0.0018826482585503608	0.0	0.0	0.0	0.0	0.0	0.0	0.0	0.0	0.0	0.0	0.0	0.0	0.0
k__Bacteria|p__Proteobacteria|c__Gammaproteobacteria|o__Pseudomonadales|f__Moraxellaceae|g__Psychrobacter	0.0	0.0	0.0	0.0	0.0	0.0	0.0	0.0	0.0	0.003419972640218878	0.0	0.042045811107624724	0.0	0.0	0.0	0.0	0.0	0.0	0.0	0.0	0.0	0.0	0.0	0.0	0.0
k__Bacteria|p__Proteobacteria|c__Gammaproteobacteria|o__Pseudomonadales|f__Pseudomonadaceae|f__Pseudomonadaceae_x__L6	0.0	0.0	0.0	0.0	0.0	0.0	0.0	0.0	0.0	0.0	0.0	0.007844367743959836	0.0	0.0	0.0	0.0	0.0	0.0	0.0	0.0	0.0	0.0	0.0	0.0	0.0
k__Bacteria|p__Proteobacteria|c__Gammaproteobacteria|o__Pseudomonadales|f__Pseudomonadaceae|g__Pseudomonas	0.0	0.0	0.0	0.0	0.0	0.0	0.0	0.0	0.01271617497456765	0.01595987232102143	0.4735843087630497	0.03671164104173204	0.0	0.02959830866807611	0.1281078803202697	0.0	0.0	0.0	0.0	0.0	0.0	0.0	0.0	0.0	0.0
k__Bacteria|p__Proteobacteria|c__Gammaproteobacteria|o__Vibrionales|f__Vibrionaceae|g__Vibrio	0.0	0.0	0.0	0.0	0.0	0.0	0.0	0.0	0.0	0.0	0.002214489085732363	0.0	0.0	0.0	0.0	0.0	0.0	0.0	0.0	0.0	0.0	0.0	0.0	0.0	0.0
k__Bacteria|p__Proteobacteria|c__Gammaproteobacteria|o__Xanthomonadales|f__Xanthomonadaceae|f__Xanthomonadaceae_x__L6	0.0	0.0	0.0	0.0	0.0	0.0	0.0	0.0	0.0	0.0	0.0	0.008785691873235017	0.0	0.0	0.0	0.0	0.0	0.0	0.0	0.0	0.0	0.0	0.0	0.0	0.0
k__Bacteria|p__Proteobacteria|c__Gammaproteobacteria|o__Xanthomonadales|f__Xanthomonadaceae|g__Xanthomonas	0.0	0.0	0.0	0.0	0.0	0.0	0.0	0.0	0.0	0.0	0.0	0.021022905553812362	0.0	0.0	0.0	0.0	0.0	0.0	0.0	0.0	0.0	0.0	0.0	0.0	0.0
k__Bacteria|p__SR1|p__SR1_c__L3|p__SR1_o__L4|p__SR1_f__L5|p__SR1_g__L6	0.0	0.0	0.0	0.0	0.0	0.0	0.0	0.0	0.0	0.0	0.0015817779183802593	0.0015688735487919673	0.0	0.0	0.0	0.0	0.0	0.0	0.0	0.0	0.0	0.0	0.0	0.0	0.0
k__Bacteria|p__Spirochaetes|c__Spirochaetes|o__Spirochaetales|f__Spirochaetaceae|g__Treponema	0.0	0.0	0.0	0.0	0.0	0.0	0.0	0.0	0.0	0.0	0.0	0.0	0.0	0.0	0.0	0.012961604304230863	0.0	0.0	0.0	0.0	0.0	0.0	0.0	0.0	0.0
k__Bacteria|p__Synergistetes|c__Synergistia|o__Synergistales|f__Dethiosulfovibrionaceae|g__TG5	0.0	0.0	0.0	0.0	0.0	0.0	0.0	0.0	0.0	0.0	0.0	0.0	0.0	0.0	0.0	0.009293225727561751	0.0	0.0	0.0	0.0	0.0	0.0	0.0	0.0	0.0
k__Bacteria|p__TM7|c__TM7_3|c__TM7_3_o__L4|c__TM7_3_f__L5|c__TM7_3_g__L6	0.0	0.0	0.0	0.0	0.0	0.0	0.0	0.0	0.0	0.0	0.0	0.0	0.0	0.0	0.0	0.0	0.0	0.0	0.0	0.0	0.0	0.0	0.0	0.0	0.00028764562059542645
k__Bacteria|p__Tenericutes|c__Mollicutes|o__Mycoplasmatales|f__Mycoplasmataceae|g__Mycoplasma	0.0	0.0	0.0	0.0	0.0	0.0	0.0	0.0	0.00254323499491353	0.0	0.0009490667510281556	0.0034515218073423283	0.0	0.0	0.0	0.0	0.0	0.0	0.0	0.0	0.0	0.0	0.0	0.0	0.0
k__Bacteria|p__Verrucomicrobia|c__Verrucomicrobiae|o__Verrucomicrobiales|f__Verrucomicrobiaceae|g__Akkermansia	0.02580893682588598	0.0	0.00036755697133055625	0.000936768149882904	0.0	0.0036714089031665903	0.0011434379367297675	0.08270569845104447	0.0	0.0	0.0	0.0	0.0	0.0	0.0	0.0	0.0	0.0	0.0	0.0	0.0	0.0	0.0	0.0	0.0
k__Bacteria|p__Verrucomicrobia|c__Verrucomicrobiae|o__Verrucomicrobiales|f__Verrucomicrobiaceae|g__Luteolibacter	0.0	0.0	0.0	0.0	0.0	0.0	0.0	0.0	0.000762970498474059	0.0	0.0	0.0	0.0	0.0	0.0	0.0	0.0	0.0	0.0	0.0	0.0	0.0	0.0	0.0	0.0
k__Bacteria|p__Verrucomicrobia|c___Pedosphaerae_|o___Pedosphaerales_|o___Pedosphaerales__f__L5|o___Pedosphaerales__g__L6	0.0	0.0	0.0	0.0	0.0	0.0	0.0	0.0	0.0	0.0	0.0	0.0	0.0	0.0014094432699083862	0.0	0.0	0.0	0.0	0.0	0.0	0.0	0.0	0.0	0.0	0.0
k__Bacteria|p___Thermi_|c__Deinococci|o__Deinococcales|f__Deinococcaceae|g__Deinococcus	0.0	0.0	0.0	0.0	0.0	0.0	0.0	0.0	0.001271617497456765	0.0015959872321021432	0.0	0.0	0.0	0.0	0.0	0.0	0.0	0.0	0.0	0.0	0.0	0.0	0.0	0.0	0.0
